"outbreak_start","outbreak_end","publication_year","region","vehicle","setting","population","cases","deaths","animalpopulation","animalcases","animaldeaths","pathogen","clinical","notes","references","state","city","country_code","disease_code","disease","country","x","y","is_endemic"
2007,2008,NA,"Bundibugyo","","","",149,39,"",NA,NA,"Bundibugyo ebolavirus","","The outbreak began in August 2007 and was caused by a new species, Bundibugyo ebolavirus.","[{'reference_number': 'p 21122234', 'citation': 'Emerg Infect Dis 2010 Dec ;16(12):1969-72.', 'short_citation': '', 'href': '/references/p/21122234'}, {'reference_number': 'p 18326109', 'citation': 'Wkly Epidemiol Rec 2008 Mar 07;83(10):89-90.', 'short_citation': '', 'href': '/references/p/18326109'}, {'reference_number': 'p 19023410', 'citation': 'PLoS Pathog 2008 Nov ;4(11):e1000212.', 'short_citation': '', 'href': '/references/p/19023410'}, {'reference_number': 'p 21987748', 'citation': 'J Infect Dis 2011 Nov ;204 Suppl 3:S761-7.', 'short_citation': '', 'href': '/references/p/21987748'}, {'reference_number': 'p 23285243', 'citation': 'PLoS One 2012  ;7(12):e52986.', 'short_citation': '', 'href': '/references/p/23285243'}, {'reference_number': 'p 25352864', 'citation': 'Afr Health Sci 2014 Sep ;14(3):495-501.', 'short_citation': '', 'href': '/references/p/25352864'}, {'reference_number': 'p 25910637', 'citation': 'Lancet Infect Dis 2015 Aug ;15(8):905-12.', 'short_citation': '', 'href': '/references/p/25910637'}, {'reference_number': 'm 20071130.3869', 'citation': 'ProMED-mail. Ebola hemorrhagic fever - Uganda: (Bundibugyo), WHO ProMED-mail 2007; 30 Nov: 20071130.3869 &lt;http://www.promedmail.org&gt;. Accessed 30 Nov 2007.', 'short_citation': 'ProMED &lt;promedmail.org&gt; archive: 20071130.3869', 'href': '/references/m/20071130.3869'}, {'reference_number': 'm 20071202.3885', 'citation': 'ProMED-mail. Ebola hemorrhagic fever - Uganda (03): (Bundibugyo) ProMED-mail 2007; 02 Dec: 20071202.3885 &lt;http://www.promedmail.org&gt;. Accessed 02 Dec 2007.', 'short_citation': 'ProMED &lt;promedmail.org&gt; archive: 20071202.3885', 'href': '/references/m/20071202.3885'}, {'reference_number': 'm 20071203.3903', 'citation': 'ProMED-mail. Ebola hemorrhagic fever - Uganda (04): (Bundibugyo) ProMED-mail 2007; 03 Dec: 20071203.3903 &lt;http://www.promedmail.org&gt;. Accessed 03 Dec 2007.', 'short_citation': 'ProMED &lt;promedmail.org&gt; archive: 20071203.3903', 'href': '/references/m/20071203.3903'}, {'reference_number': 'm 20071204.3917', 'citation': 'ProMED-mail. Ebola hemorrhagic fever - Uganda (05): (Bundibugyo) ProMED-mail 2007; 04 Dec: 20071204.3917 &lt;http://www.promedmail.org&gt;. Accessed 04 Dec 2007.', 'short_citation': 'ProMED &lt;promedmail.org&gt; archive: 20071204.3917', 'href': '/references/m/20071204.3917'}, {'reference_number': 'm 20071206.3933', 'citation': 'ProMED-mail. Ebola hemorrhagic fever - Uganda (06): (Bundibugyo) ProMED-mail 2007; 06 Dec: 20071206.3933 &lt;http://www.promedmail.org&gt;. Accessed 06 Dec 2007.', 'short_citation': 'ProMED &lt;promedmail.org&gt; archive: 20071206.3933', 'href': '/references/m/20071206.3933'}, {'reference_number': 'm 20071208.3965', 'citation': 'ProMED-mail. Ebola hemorrhagic fever - Uganda (08): (Bundibugyo) ProMED-mail 2007; 08 Dec: 20071208.3965 &lt;http://www.promedmail.org&gt;. Accessed 08 Dec 2007.', 'short_citation': 'ProMED &lt;promedmail.org&gt; archive: 20071208.3965', 'href': '/references/m/20071208.3965'}, {'reference_number': 'm 20071212.3996', 'citation': 'ProMED-mail. Ebola hemorrhagic fever - Uganda (10): (Bundibugyo) ProMED-mail 2007; 12 Dec: 20071212.3996 &lt;http://www.promedmail.org&gt;. Accessed 12 Dec 2007.', 'short_citation': 'ProMED &lt;promedmail.org&gt; archive: 20071212.3996', 'href': '/references/m/20071212.3996'}, {'reference_number': 'm 20071215.4031', 'citation': 'ProMED-mail. Ebola hemorrhagic fever - Uganda (11): (Bundibugyo) ProMED-mail 2007; 15 Dec: 20071215.4031 &lt;http://www.promedmail.org&gt;. Accessed 15 Dec 2007.', 'short_citation': 'ProMED &lt;promedmail.org&gt; archive: 20071215.4031', 'href': '/references/m/20071215.4031'}, {'reference_number': 'm 20080104.0050', 'citation': 'ProMED-mail. Ebola hemorrhagic fever - Uganda: (Bundibugyo) ProMED-mail 2008; 04 Jan: 20080104.0050 &lt;http://www.promedmail.org&gt;. Accessed 04 Jan 2008.', 'short_citation': 'ProMED &lt;promedmail.org&gt; archive: 20080104.0050', 'href': '/references/m/20080104.0050'}, {'reference_number': 'm 20080221.0704', 'citation': 'ProMED-mail. Ebola hemorrhagic fever - Uganda (04): (Bundibugyo), WHO ProMED-mail 2008; 21 Feb: 20080221.0704 &lt;http://www.promedmail.org&gt;. Accessed 21 Feb 2008.', 'short_citation': 'ProMED &lt;promedmail.org&gt; archive: 20080221.0704', 'href': '/references/m/20080221.0704'}, {'reference_number': 'm 20081121.3675', 'citation': 'ProMED-mail. Ebola hemorrhagic fever - Uganda (06): (Bundibugyo), new species ProMED-mail 2008; 21 Nov: 20081121.3675 &lt;http://www.promedmail.org&gt;. Accessed 21 Nov 2008.', 'short_citation': 'ProMED &lt;promedmail.org&gt; archive: 20081121.3675', 'href': '/references/m/20081121.3675'}, {'reference_number': 'p 20587179', 'citation': 'Emerg Infect Dis 2010 Jul ;16(7):1087-92.', 'short_citation': '', 'href': '/references/p/20587179'}, {'reference_number': 'p 22197674', 'citation': 'Virology 2012 Feb 20;423(2):119-24.', 'short_citation': '', 'href': '/references/p/22197674'}, {'reference_number': 'm 20101030.3934', 'citation': 'ProMED-mail. Ebola hemorrhagic fever - Uganda: (BN), CFR ProMED-mail 2010; 30 Oct: 20101030.3934 &lt;http://www.promedmail.org&gt;. Accessed 30 Oct 2010.', 'short_citation': 'ProMED &lt;promedmail.org&gt; archive: 20101030.3934', 'href': '/references/m/20101030.3934'}]","Bundibugyo","","G289",10700,"Ebola","Uganda",3012915.08427614,87477.8913233664,TRUE
2014,NA,NA,"Rajshahi","","","",10,4,"",NA,NA,"","","","[{'reference_number': 'm 20140113.2168940', 'citation': 'ProMED-mail. Nipah encephalitis, human - Bangladesh: (RS) susp ProMED-mail 2014; 13 Jan: 20140113.2168940 &lt;http://www.promedmail.org&gt;. Accessed 13 Jan 2014.', 'short_citation': 'ProMED &lt;promedmail.org&gt; archive: 20140113.2168940', 'href': '/references/m/20140113.2168940'}, {'reference_number': 'm 20140118.2181682', 'citation': 'ProMED-mail. Nipah encephalitis, human - Bangladesh (02) ProMED-mail 2014; 18 Jan: 20140118.2181682 &lt;http://www.promedmail.org&gt;. Accessed 18 Jan 2014.', 'short_citation': 'ProMED &lt;promedmail.org&gt; archive: 20140118.2181682', 'href': '/references/m/20140118.2181682'}]","Rajshahi","","G116",10843,"Nipah virus infection","Bangladesh",8381960.33194034,2978760.66280407,TRUE
2014,NA,NA,"","","","",20,8,"",NA,NA,"Ebolavirus Makona variant","","Outbreak traced to an index patient who arrived from Liberia, and subsequently infected a Nigerian doctor involved in his treatment. 11 health-care workers (5 fatal) were infected during the outbreak.","[{'reference_number': 'p 32475805', 'citation': 'J Infect Public Health 2020 Jul ;13(7):956-962.', 'short_citation': '', 'href': '/references/p/32475805'}, {'reference_number': 'p 25275332', 'citation': 'MMWR Morb Mortal Wkly Rep 2014 Oct 03;63(39):867-72.', 'short_citation': '', 'href': '/references/p/25275332'}, {'reference_number': 'p 27575939', 'citation': 'Int J Infect Dis 2016 Dec ;53:23-29.', 'short_citation': '', 'href': '/references/p/27575939'}, {'reference_number': 'p 25323076', 'citation': 'Euro Surveill 2014 Oct 09;19(40):20920.', 'short_citation': '', 'href': '/references/p/25323076'}, {'reference_number': 'p 25535312', 'citation': 'Am J Trop Med Hyg 2015 Feb ;92(2):221-2.', 'short_citation': '', 'href': '/references/p/25535312'}, {'reference_number': 'p 25674994', 'citation': 'MMWR Morb Mortal Wkly Rep 2015 Feb 13;64(5):124.', 'short_citation': '', 'href': '/references/p/25674994'}, {'reference_number': 'p 25914860', 'citation': 'PLoS Curr 2015 Apr 08;7', 'short_citation': '', 'href': '/references/p/25914860'}, {'reference_number': 'p 25943138', 'citation': 'Trop Med Int Health 2015 Sep ;20(9):1162-1170.', 'short_citation': '', 'href': '/references/p/25943138'}, {'reference_number': 'p 25979285', 'citation': 'Epidemics 2015 Jun ;11:80-4.', 'short_citation': '', 'href': '/references/p/25979285'}, {'reference_number': 'p 26091816', 'citation': 'J Med Ethics 2015 Nov ;41(11):917-9.', 'short_citation': '', 'href': '/references/p/26091816'}, {'reference_number': 'p 26190046', 'citation': 'Expert Rev Vaccines 2015  ;14(11):1397-400.', 'short_citation': '', 'href': '/references/p/26190046'}, {'reference_number': 'p 26234990', 'citation': 'Glob J Health Sci 2015 May 17;8(1):72-8.', 'short_citation': '', 'href': '/references/p/26234990'}, {'reference_number': 'p 26307047', 'citation': 'BMC Public Health 2015 Aug 27;15:824.', 'short_citation': '', 'href': '/references/p/26307047'}, {'reference_number': 'p 26317535', 'citation': 'PLoS One 2015  ;10(8):e0135955.', 'short_citation': '', 'href': '/references/p/26317535'}, {'reference_number': 'p 26587177', 'citation': 'Pan Afr Med J 2015  ;21:331.', 'short_citation': '', 'href': '/references/p/26587177'}, {'reference_number': 'p 26678568', 'citation': 'Int Health 2016 Jan ;8(1):5-12.', 'short_citation': '', 'href': '/references/p/26678568'}, {'reference_number': 'p 26740845', 'citation': 'Pan Afr Med J 2015  ;22 Suppl 1:17.', 'short_citation': '', 'href': '/references/p/26740845'}, {'reference_number': 'p 27080239', 'citation': 'Int J Nurs Pract 2016 Jun ;22(3):291-9.', 'short_citation': '', 'href': '/references/p/27080239'}, {'reference_number': 'p 27280232', 'citation': 'Afr J Med Med Sci 2015 Sep ;44(3):205-12.', 'short_citation': '', 'href': '/references/p/27280232'}, {'reference_number': 'p 27377746', 'citation': 'J Infect Dis 2016 Oct 15;214(suppl 3):S102-S109.', 'short_citation': '', 'href': '/references/p/27377746'}, {'reference_number': 'p 27386424', 'citation': 'Health Promot Perspect 2016  ;6(2):92-5.', 'short_citation': '', 'href': '/references/p/27386424'}, {'reference_number': 'p 27788191', 'citation': 'PLoS One 2016  ;11(10):e0165271.', 'short_citation': '', 'href': '/references/p/27788191'}, {'reference_number': 'p 28693453', 'citation': 'BMC Public Health 2017 07 10;18(1):3.', 'short_citation': '', 'href': '/references/p/28693453'}, {'reference_number': 'p 32811298', 'citation': 'J R Soc Interface 2020 Aug ;17(169):20200498.', 'short_citation': '', 'href': '/references/p/32811298'}, {'reference_number': 'm 20140726.2636095', 'citation': 'ProMED-mail. Ebola virus disease - West Africa (101): Nigeria ex Liberia, WHO, Sierra Leone ProMED-mail 2014; 26 Jul: 20140726.2636095 &lt;http://www.promedmail.org&gt;. Accessed 26 Jul 2014.', 'short_citation': 'ProMED &lt;promedmail.org&gt; archive: 20140726.2636095', 'href': '/references/m/20140726.2636095'}, {'reference_number': 'm 20140726.2636858', 'citation': 'ProMED-mail. Ebola virus disease - West Africa (102): Nigeria, Sierra Leone, drugs, vaccine ProMED-mail 2014; 26 Jul: 20140726.2636858 &lt;http://www.promedmail.org&gt;. Accessed 26 Jul 2014.', 'short_citation': 'ProMED &lt;promedmail.org&gt; archive: 20140726.2636858', 'href': '/references/m/20140726.2636858'}, {'reference_number': 'm 20140809.2674333', 'citation': 'ProMED-mail. Ebola virus disease - West Africa (121): WHO, Nigeria emergency, more ProMED-mail 2014; 09 Aug: 20140809.2674333 &lt;http://www.promedmail.org&gt;. Accessed 09 Aug 2014.', 'short_citation': 'ProMED &lt;promedmail.org&gt; archive: 20140809.2674333', 'href': '/references/m/20140809.2674333'}, {'reference_number': 'm 20140814.2688054', 'citation': 'ProMED-mail. Ebola virus disease - West Africa (126): WHO, PAHO, Sierra Leone, more ProMED-mail 2014; 14 Aug: 20140814.2688054 &lt;http://www.promedmail.org&gt;. Accessed 14 Aug 2014.', 'short_citation': 'ProMED &lt;promedmail.org&gt; archive: 20140814.2688054', 'href': '/references/m/20140814.2688054'}, {'reference_number': 'm 20140816.2694748', 'citation': 'ProMED-mail. Ebola virus disease - West Africa (128): WHO, toll, Liberia, drug, more ProMED-mail 2014; 16 Aug: 20140816.2694748 &lt;http://www.promedmail.org&gt;. Accessed 16 Aug 2014.', 'short_citation': 'ProMED &lt;promedmail.org&gt; archive: 20140816.2694748', 'href': '/references/m/20140816.2694748'}, {'reference_number': 'm 20140828.2730312', 'citation': 'ProMED-mail. Ebola virus disease - West Africa (141): WHO alert, Nigeria new case, more ProMED-mail 2014; 28 Aug: 20140828.2730312 &lt;http://www.promedmail.org&gt;. Accessed 28 Aug 2014.', 'short_citation': 'ProMED &lt;promedmail.org&gt; archive: 20140828.2730312', 'href': '/references/m/20140828.2730312'}, {'reference_number': 'm 20140905.2751765', 'citation': 'ProMED-mail. Ebola virus disease - West Africa (151): WHO, UN, African Union ProMED-mail 2014; 05 Sep: 20140905.2751765 &lt;http://www.promedmail.org&gt;. Accessed 05 Sep 2014.', 'short_citation': 'ProMED &lt;promedmail.org&gt; archive: 20140905.2751765', 'href': '/references/m/20140905.2751765'}, {'reference_number': 'm 20140922.2792415', 'citation': 'ProMED-mail. Ebola virus disease - West Africa (173): WHO, Sierra Leone, respirators, aid ProMED-mail 2014; 22 Sep: 20140922.2792415 &lt;http://www.promedmail.org&gt;. Accessed 22 Sep 2014.', 'short_citation': 'ProMED &lt;promedmail.org&gt; archive: 20140922.2792415', 'href': '/references/m/20140922.2792415'}, {'reference_number': 'p 26857931', 'citation': 'Ann Afr Med 2016 Jan-Mar;15(1):7-13.', 'short_citation': '', 'href': '/references/p/26857931'}, {'reference_number': 'm 20140804.2658338', 'citation': 'ProMED-mail. Ebola virus disease - West Africa (113): Nigeria, 2nd case ProMED-mail 2014; 04 Aug: 20140804.2658338 &lt;http://www.promedmail.org&gt;. Accessed 04 Aug 2014.', 'short_citation': 'ProMED &lt;promedmail.org&gt; archive: 20140804.2658338', 'href': '/references/m/20140804.2658338'}, {'reference_number': 'm 20140806.2666073', 'citation': 'ProMED-mail. Ebola virus disease - West Africa (117): WHO, Nigeria, Liberia, drug, more ProMED-mail 2014; 06 Aug: 20140806.2666073 &lt;http://www.promedmail.org&gt;. Accessed 06 Aug 2014.', 'short_citation': 'ProMED &lt;promedmail.org&gt; archive: 20140806.2666073', 'href': '/references/m/20140806.2666073'}, {'reference_number': 'm 20141105.2932865', 'citation': 'ProMED-mail. Ebola virus disease - West Africa (203): WHO, WiFi, vaccine, survivors ProMED-mail 2014; 05 Nov: 20141105.2932865 &lt;http://www.promedmail.org&gt;. Accessed 05 Nov 2014.', 'short_citation': 'ProMED &lt;promedmail.org&gt; archive: 20141105.2932865', 'href': '/references/m/20141105.2932865'}]","","","G232",10700,"Ebola","Nigeria",862717.845366428,1121139.49403384,TRUE
2014,NA,NA,"Easter Island","","","",51,0,"",NA,NA,"","","","[{'reference_number': 'p 26611910', 'citation': 'Arch Virol 2016 Mar ;161(3):665-8.', 'short_citation': '', 'href': '/references/p/26611910'}, {'reference_number': 'm 20140309.2322907', 'citation': 'ProMED-mail. Zika virus - Pacific (07): Chile (Easter Island), French Polynesia ProMED-mail 2014; 09 Mar: 20140309.2322907 &lt;http://www.promedmail.org&gt;. Accessed 09 Mar 2014.', 'short_citation': 'ProMED &lt;promedmail.org&gt; archive: 20140309.2322907', 'href': '/references/m/20140309.2322907'}]","","","G139",12680,"Zika","Chile",-10197629.9180691,-3304080.83890573,TRUE
2014,NA,NA,"Margibi County","","","",14,1,"",NA,NA,"","","Outbreak included 11 cases among United Nations peace-keeping personnel.","[{'reference_number': 'm 20140328.2363217', 'citation': 'ProMED-mail. Lassa fever - Nigeria, Liberia ProMED-mail 2014; 28 Mar: 20140328.2363217 &lt;http://www.promedmail.org&gt;. Accessed 28 Mar 2014.', 'short_citation': 'ProMED &lt;promedmail.org&gt; archive: 20140328.2363217', 'href': '/references/m/20140328.2363217'}]","Margibi","","G202",11260,"Lassa fever","Liberia",-1028665.24485429,804905.616854495,TRUE
2016,NA,NA,"Multiple locations","","","",71,23,"",NA,NA,"","","Outbreaks involved seven departments.","[{'reference_number': 'p 32723007', 'citation': 'Emerg Microbes Infect 2020 Jul 29;:1-23.', 'short_citation': '', 'href': '/references/p/32723007'}, {'reference_number': 'm 20160131.3980796', 'citation': 'ProMED-mail. Lassa fever - West Africa: Nigeria, Benin ProMED-mail 2016; 31 Jan: 20160131.3980796 &lt;http://www.promedmail.org&gt;. Accessed 31 Jan 2016.', 'short_citation': 'ProMED &lt;promedmail.org&gt; archive: 20160131.3980796', 'href': '/references/m/20160131.3980796'}, {'reference_number': 'm 20160206.3999178', 'citation': 'ProMED-mail. Lassa fever - West Africa (02): Benin ProMED-mail 2016; 06 Feb: 20160206.3999178 &lt;http://www.promedmail.org&gt;. Accessed 06 Feb 2016.', 'short_citation': 'ProMED &lt;promedmail.org&gt; archive: 20160206.3999178', 'href': '/references/m/20160206.3999178'}, {'reference_number': 'm 20160209.4007158', 'citation': 'ProMED-mail. Lassa fever - West Africa (04): Benin ProMED-mail 2016; 09 Feb: 20160209.4007158 &lt;http://www.promedmail.org&gt;. Accessed 09 Feb 2016.', 'short_citation': 'ProMED &lt;promedmail.org&gt; archive: 20160209.4007158', 'href': '/references/m/20160209.4007158'}, {'reference_number': 'm 20160221.4037846', 'citation': 'ProMED-mail. Lassa fever - West Africa (07): Benin ProMED-mail 2016; 21 Feb: 20160221.4037846 &lt;http://www.promedmail.org&gt;. Accessed 21 Feb 2016.', 'short_citation': 'ProMED &lt;promedmail.org&gt; archive: 20160221.4037846', 'href': '/references/m/20160221.4037846'}, {'reference_number': 'm 20160227.4054108', 'citation': 'ProMED-mail. Lassa fever - West Africa (09): Nigeria, Benin ProMED-mail 2016; 27 Feb: 20160227.4054108 &lt;http://www.promedmail.org&gt;. Accessed 27 Feb 2016.', 'short_citation': 'ProMED &lt;promedmail.org&gt; archive: 20160227.4054108', 'href': '/references/m/20160227.4054108'}]","","","G120",11260,"Lassa fever","Benin",230208.797698914,1148907.16748678,TRUE
2003,NA,NA,"Kafr Al-Shaikh","","","",45,17,"",NA,NA,"","","An outbreak was reported in Egypt, Seedy Salim District, Kafr Al-Sheikh Governorate (45 cases, 17 fatal).","[{'reference_number': 'm 20030902.2205', 'citation': 'ProMED-mail. Rift Valley fever, human - Egypt (02) ProMED-mail 2003; 02 Sep: 20030902.2205 &lt;http://www.promedmail.org&gt;. Accessed 02 Sep 2003.', 'short_citation': 'ProMED &lt;promedmail.org&gt; archive: 20030902.2205', 'href': '/references/m/20030902.2205'}]","","","G155",12030,"Rift Valley fever","Egypt",2816379.02033556,3773588.99598448,TRUE
1976,NA,NA,"Multiple locations","","","",284,151,"",NA,NA,"","","Outbreak reported in Nzara and Maridi.  These were the world's first cases of Ebola.","[{'reference_number': 'p 307454', 'citation': 'Bull World Health Organ 1978  ;56(2):245.', 'short_citation': '', 'href': '/references/p/307454'}, {'reference_number': 'p 307455', 'citation': 'Bull World Health Organ 1978  ;56(2):247-70.', 'short_citation': '', 'href': '/references/p/307455'}, {'reference_number': 'p 6370486', 'citation': 'Bull World Health Organ 1983  ;61(6):997-1003.', 'short_citation': '', 'href': '/references/p/6370486'}, {'reference_number': 'p 29928745', 'citation': 'Infect Dis Model 2017 Aug ;2(3):323-340.', 'short_citation': '', 'href': '/references/p/29928745'}]","","","G271",10700,"Ebola","Sudan",2981354.44037398,1585293.84119864,TRUE
2016,2018,NA,"","","","",2795,0,"",NA,NA,"","","Cases to January 4, 2018.  2 cases of congenital syndrome reported","[{'reference_number': 'p 29851968', 'citation': 'PLoS Negl Trop Dis 2018 May 31;12(5):e0006518.', 'short_citation': '', 'href': '/references/p/29851968'}, {'reference_number': 'p 34627081', 'citation': 'EBioMedicine 2021 Oct 06;72:103596.', 'short_citation': '', 'href': '/references/p/34627081'}, {'reference_number': 'm 20160128.3974426', 'citation': 'ProMED-mail. Zika virus (03): Americas, Asia ProMED-mail 2016; 28 Jan: 20160128.3974426 &lt;http://www.promedmail.org&gt;. Accessed 28 Jan 2016.', 'short_citation': 'ProMED &lt;promedmail.org&gt; archive: 20160128.3974426', 'href': '/references/m/20160128.3974426'}, {'reference_number': 'm 20160203.3990632', 'citation': 'ProMED-mail. Zika virus (05): Americas, Asia, Pacific ProMED-mail 2016; 03 Feb: 20160203.3990632 &lt;http://www.promedmail.org&gt;. Accessed 03 Feb 2016.', 'short_citation': 'ProMED &lt;promedmail.org&gt; archive: 20160203.3990632', 'href': '/references/m/20160203.3990632'}, {'reference_number': 'm 20160223.4042828', 'citation': 'ProMED-mail. Zika virus (09): Americas, Africa, Europe, Pacific ProMED-mail 2016; 23 Feb: 20160223.4042828 &lt;http://www.promedmail.org&gt;. Accessed 23 Feb 2016.', 'short_citation': 'ProMED &lt;promedmail.org&gt; archive: 20160223.4042828', 'href': '/references/m/20160223.4042828'}, {'reference_number': 'm 20160301.4059896', 'citation': 'ProMED-mail. Zika virus (11): Americas, Europe, Asia ProMED-mail 2016; 01 Mar: 20160301.4059896 &lt;http://www.promedmail.org&gt;. Accessed 01 Mar 2016.', 'short_citation': 'ProMED &lt;promedmail.org&gt; archive: 20160301.4059896', 'href': '/references/m/20160301.4059896'}, {'reference_number': 'm 20160317.4102468', 'citation': 'ProMED-mail. Zika virus (14): Americas, Europe, Atlantic Ocean ProMED-mail 2016; 17 Mar: 20160317.4102468 &lt;http://www.promedmail.org&gt;. Accessed 17 Mar 2016.', 'short_citation': 'ProMED &lt;promedmail.org&gt; archive: 20160317.4102468', 'href': '/references/m/20160317.4102468'}, {'reference_number': 'm 20160401.4129524', 'citation': 'ProMED-mail. Zika virus (17): Americas, Pacific ProMED-mail 2016; 01 Apr: 20160401.4129524 &lt;http://www.promedmail.org&gt;. Accessed 01 Apr 2016.', 'short_citation': 'ProMED &lt;promedmail.org&gt; archive: 20160401.4129524', 'href': '/references/m/20160401.4129524'}, {'reference_number': 'm 20160511.4214303', 'citation': 'ProMED-mail. Zika virus (27): Americas, Asia, Europe ProMED-mail 2016; 11 May: 20160511.4214303 &lt;http://www.promedmail.org&gt;. Accessed 11 May 2016.', 'short_citation': 'ProMED &lt;promedmail.org&gt; archive: 20160511.4214303', 'href': '/references/m/20160511.4214303'}, {'reference_number': 'm 20160529.4253278', 'citation': 'ProMED-mail. Zika virus (29): Americas, Asia, Europe ProMED-mail 2016; 29 May: 20160529.4253278 &lt;http://www.promedmail.org&gt;. Accessed 29 May 2016.', 'short_citation': 'ProMED &lt;promedmail.org&gt; archive: 20160529.4253278', 'href': '/references/m/20160529.4253278'}, {'reference_number': 'm 20160823.4436991', 'citation': 'ProMED-mail. Zika virus (43): Americas, Europe: Tampa Florida area, research ProMED-mail 2016; 23 Aug: 20160823.4436991 &lt;http://www.promedmail.org&gt;. Accessed 23 Aug 2016.', 'short_citation': 'ProMED &lt;promedmail.org&gt; archive: 20160823.4436991', 'href': '/references/m/20160823.4436991'}, {'reference_number': 'm 20160905.4467034', 'citation': 'ProMED-mail. Zika virus (46): Americas, Asia, Europe, research, observations ProMED-mail 2016; 05 Sep: 20160905.4467034 &lt;http://www.promedmail.org&gt;. Accessed 05 Sep 2016.', 'short_citation': 'ProMED &lt;promedmail.org&gt; archive: 20160905.4467034', 'href': '/references/m/20160905.4467034'}, {'reference_number': 'm 20161019.4571149', 'citation': 'ProMED-mail. Zika virus (55) - Americas, Asia, Europe, research, observations ProMED-mail 2016; 19 Oct: 20161019.4571149 &lt;http://www.promedmail.org&gt;. Accessed 19 Oct 2016.', 'short_citation': 'ProMED &lt;promedmail.org&gt; archive: 20161019.4571149', 'href': '/references/m/20161019.4571149'}, {'reference_number': 'm 20161023.4578711', 'citation': 'ProMED-mail. Zika virus (56): Americas, Asia, Pacific, Europe, research, observations ProMED-mail 2016; 23 Oct: 20161023.4578711 &lt;http://www.promedmail.org&gt;. Accessed 23 Oct 2016.', 'short_citation': 'ProMED &lt;promedmail.org&gt; archive: 20161023.4578711', 'href': '/references/m/20161023.4578711'}, {'reference_number': 'm 20161104.4606432', 'citation': 'ProMED-mail. Zika virus (57): Americas, Asia, Pacific, Europe, research, observations ProMED-mail 2016; 04 Nov: 20161104.4606432 &lt;http://www.promedmail.org&gt;. Accessed 04 Nov 2016.', 'short_citation': 'ProMED &lt;promedmail.org&gt; archive: 20161104.4606432', 'href': '/references/m/20161104.4606432'}, {'reference_number': 'm 20161113.4625265', 'citation': 'ProMED-mail. Zika virus (59) - Americas, Asia, research, comment ProMED-mail 2016; 13 Nov: 20161113.4625265 &lt;http://www.promedmail.org&gt;. Accessed 13 Nov 2016.', 'short_citation': 'ProMED &lt;promedmail.org&gt; archive: 20161113.4625265', 'href': '/references/m/20161113.4625265'}, {'reference_number': 'm 20161212.4693852', 'citation': 'ProMED-mail. Zika virus (63): Americas, Asia, research, observations ProMED-mail 2016; 12 Dec: 20161212.4693852 &lt;http://www.promedmail.org&gt;. Accessed 12 Dec 2016.', 'short_citation': 'ProMED &lt;promedmail.org&gt; archive: 20161212.4693852', 'href': '/references/m/20161212.4693852'}, {'reference_number': 'm 20170117.4772206', 'citation': 'ProMED-mail. Zika virus (01): Americas, Asia, Africa, research ProMED-mail 2017; 17 Jan: 20170117.4772206 &lt;http://www.promedmail.org&gt;. Accessed 17 Jan 2017.', 'short_citation': 'ProMED &lt;promedmail.org&gt; archive: 20170117.4772206', 'href': '/references/m/20170117.4772206'}, {'reference_number': 'm 20170217.4846633', 'citation': 'ProMED-mail. Zika virus (02): Americas, Asia, Africa, Pacific, research, observations ProMED-mail 2017; 17 Feb: 20170217.4846633 &lt;http://www.promedmail.org&gt;. Accessed 17 Feb 2017.', 'short_citation': 'ProMED &lt;promedmail.org&gt; archive: 20170217.4846633', 'href': '/references/m/20170217.4846633'}, {'reference_number': 'm 20170309.4888510', 'citation': 'ProMED-mail. Zika virus (03): Americas, research ProMED-mail 2017; 09 Mar: 20170309.4888510 &lt;http://www.promedmail.org&gt;. Accessed 09 Mar 2017.', 'short_citation': 'ProMED &lt;promedmail.org&gt; archive: 20170309.4888510', 'href': '/references/m/20170309.4888510'}, {'reference_number': 'm 20170326.4927523', 'citation': 'ProMED-mail. Zika virus (05): Americas, Pacific, Asia, research, observations ProMED-mail 2017; 26 Mar: 20170326.4927523 &lt;http://www.promedmail.org&gt;. Accessed 26 Mar 2017.', 'short_citation': 'ProMED &lt;promedmail.org&gt; archive: 20170326.4927523', 'href': '/references/m/20170326.4927523'}, {'reference_number': 'm 20170517.5043638', 'citation': 'ProMED-mail. Zika virus (09): Americas, Asia, Europe, research, observations ProMED-mail 2017; 17 May: 20170517.5043638 &lt;http://www.promedmail.org&gt;. Accessed 17 May 2017.', 'short_citation': 'ProMED &lt;promedmail.org&gt; archive: 20170517.5043638', 'href': '/references/m/20170517.5043638'}, {'reference_number': 'm 20170830.5283102', 'citation': 'ProMED-mail. Zika virus (17): Americas, research, observations ProMED-mail 2017; 30 Aug: 20170830.5283102 &lt;http://www.promedmail.org&gt;. Accessed 30 Aug 2017.', 'short_citation': 'ProMED &lt;promedmail.org&gt; archive: 20170830.5283102', 'href': '/references/m/20170830.5283102'}, {'reference_number': 'm 20171009.5367967', 'citation': 'ProMED-mail. Zika virus (21): Americas, research, observations ProMED-mail 2017; 09 Oct: 20171009.5367967 &lt;http://www.promedmail.org&gt;. Accessed 09 Oct 2017.', 'short_citation': 'ProMED &lt;promedmail.org&gt; archive: 20171009.5367967', 'href': '/references/m/20171009.5367967'}, {'reference_number': 'm 20180201.5600535', 'citation': 'ProMED-mail. Zika virus (03): Americas, Asia, research, observations ProMED-mail 2018; 01 Feb: 20180201.5600535 &lt;http://www.promedmail.org&gt;. Accessed 01 Feb 2018.', 'short_citation': 'ProMED &lt;promedmail.org&gt; archive: 20180201.5600535', 'href': '/references/m/20180201.5600535'}]","","","G230",12680,"Zika","Nicaragua",-8406723.76509012,1585613.30761929,TRUE
2014,2016,NA,"Multiple locations","","","",3814,2543,"",NA,NA,"Ebolavirus Makona variant","","WHO declared an outbreak on March 23rd, 2014; however, the initial case was reported in December 2013. Morbidity includes 1,046 cases (992 confirmed, 798 fatal) during 2015 and 10 cases (8 fatal) from March to April 2016. These figures also include 196 healthcare workers (100 fatal). Cessation of transmission was declared on December 29th, 2015; however, 10 subsequent cases (8 fatal) were reported in March 2016. The outbreak was declared over by WHO on June 10th, 2016. In Guinea, provinces with the highest incidence were Conakry and Macenta, followed by Coyah, Dubréka, Forécariah, Guéckédou, Kérouané, Nzérékoré, Beyla, Boffa, Boké, Faranah, Kankan, Kindia, Lola, Siguiri, Télimélé, Dabola, Dalaba, Fria, Kouroussa, Pita, Yomou, Mali, and Tougué. The overall reported case-fatality rate was 66.7%. Some researchers suspect that the West African outbreak of 2014 began with the exposure of children to a colony of insectivorous free-tailed bats (<i>Mops condylurus</i>) living in a tree in Meliandou, Guinea.","[{'reference_number': 'p 32475805', 'citation': 'J Infect Public Health 2020 Jul ;13(7):956-962.', 'short_citation': '', 'href': '/references/p/32475805'}, {'reference_number': 'p 24687456', 'citation': 'BMJ 2014 Mar 31;348:g2473.', 'short_citation': '', 'href': '/references/p/24687456'}, {'reference_number': 'p 24712029', 'citation': 'Lancet 2014 Apr 05;383(9924):1196.', 'short_citation': '', 'href': '/references/p/24712029'}, {'reference_number': 'p 24738640', 'citation': 'N Engl J Med 2014 Oct 09;371(15):1418-25.', 'short_citation': '', 'href': '/references/p/24738640'}, {'reference_number': 'p 24795448', 'citation': 'J Gen Virol 2014 Aug ;95(Pt 8):1619-24.', 'short_citation': '', 'href': '/references/p/24795448'}, {'reference_number': 'p 24860690', 'citation': 'PLoS Curr 2014 May 02;6', 'short_citation': '', 'href': '/references/p/24860690'}, {'reference_number': 'p 24864345', 'citation': 'Wkly Epidemiol Rec 2014 May 16;89(20):205-6.', 'short_citation': '', 'href': '/references/p/24864345'}, {'reference_number': 'p 25079231', 'citation': 'PLoS Negl Trop Dis 2014  ;8(7):e3056.', 'short_citation': '', 'href': '/references/p/25079231'}, {'reference_number': 'p 25275331', 'citation': 'MMWR Morb Mortal Wkly Rep 2014 Oct 03;63(39):865-6.', 'short_citation': '', 'href': '/references/p/25275331'}, {'reference_number': 'p 25523968', 'citation': 'Euro Surveill 2014 Dec 11;19(49)', 'short_citation': '', 'href': '/references/p/25523968'}, {'reference_number': 'p 25356606', 'citation': 'MMWR Morb Mortal Wkly Rep 2014 Oct 31;63(43):978-81.', 'short_citation': '', 'href': '/references/p/25356606'}, {'reference_number': 'p 25372658', 'citation': 'N Engl J Med 2015 Jan 01;372(1):40-7.', 'short_citation': '', 'href': '/references/p/25372658'}, {'reference_number': 'p 25619149', 'citation': 'Lancet Infect Dis 2015 Mar ;15(3):320-6.', 'short_citation': '', 'href': '/references/p/25619149'}, {'reference_number': 'p 25879897', 'citation': 'MMWR Morb Mortal Wkly Rep 2015 Apr 17;64(14):386-8.', 'short_citation': '', 'href': '/references/p/25879897'}, {'reference_number': 'p 25992182', 'citation': 'J Vasc Interv Neurol 2015 Feb ;8(1.5):S4-S11.', 'short_citation': '', 'href': '/references/p/25992182'}, {'reference_number': 'p 26060289', 'citation': 'Clin Infect Dis 2015 Oct 01;61(7):1035-42.', 'short_citation': '', 'href': '/references/p/26060289'}, {'reference_number': 'p 26106863', 'citation': 'Nature 2015 Aug 06;524(7563):102-4.', 'short_citation': '', 'href': '/references/p/26106863'}, {'reference_number': 'p 26116183', 'citation': 'Lancet Infect Dis 2015 Sep ;15(9):1017-1023.', 'short_citation': '', 'href': '/references/p/26116183'}, {'reference_number': 'p 26331094', 'citation': 'PLoS Curr 2015 Aug 04;7', 'short_citation': '', 'href': '/references/p/26331094'}, {'reference_number': 'p 26488116', 'citation': 'Emerg Infect Dis 2015 Nov ;21(11):2022-8.', 'short_citation': '', 'href': '/references/p/26488116'}, {'reference_number': 'p 26681710', 'citation': 'Glob Health Sci Pract 2015 Nov 12;3(4):646-59.', 'short_citation': '', 'href': '/references/p/26681710'}, {'reference_number': 'p 26740850', 'citation': 'Pan Afr Med J 2015  ;22 Suppl 1:22.', 'short_citation': '', 'href': '/references/p/26740850'}, {'reference_number': 'p 26812047', 'citation': 'Emerg Infect Dis 2016 Feb ;22(2):178-83.', 'short_citation': '', 'href': '/references/p/26812047'}, {'reference_number': 'p 26963195', 'citation': 'MMWR Morb Mortal Wkly Rep 2016 Mar 11;65(9):227-30.', 'short_citation': '', 'href': '/references/p/26963195'}, {'reference_number': 'p 27059272', 'citation': 'Int Health 2016 05 ;8(3):227-9.', 'short_citation': '', 'href': '/references/p/27059272'}, {'reference_number': 'p 27086773', 'citation': 'Epidemiol Infect 2016 08 ;144(11):2338-44.', 'short_citation': '', 'href': '/references/p/27086773'}, {'reference_number': 'p 27147028', 'citation': 'Nature 2016 May 05;533(7601):100-4.', 'short_citation': '', 'href': '/references/p/27147028'}, {'reference_number': 'p 27268508', 'citation': 'Emerg Infect Dis 2016 09 ;22(9):1653-5.', 'short_citation': '', 'href': '/references/p/27268508'}, {'reference_number': 'p 27600737', 'citation': 'BMC Med 2016 09 07;14(1):130.', 'short_citation': '', 'href': '/references/p/27600737'}, {'reference_number': 'p 27456159', 'citation': 'Bull Soc Pathol Exot 2016 Oct ;109(4):218-235.', 'short_citation': '', 'href': '/references/p/27456159'}, {'reference_number': 'p 27888403', 'citation': 'Eur J Clin Microbiol Infect Dis 2017 Apr ;36(4):689-695.', 'short_citation': '', 'href': '/references/p/27888403'}, {'reference_number': 'p 28094208', 'citation': 'Lancet Infect Dis 2017 05 ;17(5):545-552.', 'short_citation': '', 'href': '/references/p/28094208'}, {'reference_number': 'p 28340207', 'citation': 'Trans R Soc Trop Med Hyg 2017 Jan 01;111(1):22-29.', 'short_citation': '', 'href': '/references/p/28340207'}, {'reference_number': 'p 28338749', 'citation': 'Int Health 2017 03 01;9(2):131-133.', 'short_citation': '', 'href': '/references/p/28338749'}, {'reference_number': 'p 28438127', 'citation': 'BMC Infect Dis 2017 04 24;17(1):304.', 'short_citation': '', 'href': '/references/p/28438127'}, {'reference_number': 'p 28444452', 'citation': 'Eur J Pediatr 2017 Jun ;176(6):791-796.', 'short_citation': '', 'href': '/references/p/28444452'}, {'reference_number': 'p 29034665', 'citation': 'Sante Publique 2017 Oct 02;29(4):497-507.', 'short_citation': '', 'href': '/references/p/29034665'}, {'reference_number': 'p 29049279', 'citation': 'MMWR Morb Mortal Wkly Rep 2017 Oct 20;66(41):1109-1115.', 'short_citation': '', 'href': '/references/p/29049279'}, {'reference_number': 'p 29141743', 'citation': 'Am J Trop Med Hyg 2018 Jan ;98(1):198-202.', 'short_citation': '', 'href': '/references/p/29141743'}, {'reference_number': 'p 29589579', 'citation': 'Euro Surveill 2018 Mar ;23(12)', 'short_citation': '', 'href': '/references/p/29589579'}, {'reference_number': 'p 29699538', 'citation': 'BMC Public Health 2018 Apr 24;18(1):547.', 'short_citation': '', 'href': '/references/p/29699538'}, {'reference_number': 'p 30138407', 'citation': 'PLoS One 2018  ;13(8):e0202468.', 'short_citation': '', 'href': '/references/p/30138407'}, {'reference_number': 'p 30941398', 'citation': 'Am J Epidemiol 2019 Apr 03;', 'short_citation': '', 'href': '/references/p/30941398'}, {'reference_number': 'p 31494017', 'citation': 'Lancet Infect Dis 2019 Sep 04;', 'short_citation': '', 'href': '/references/p/31494017'}, {'reference_number': 'p 31961292', 'citation': 'Emerg Infect Dis 2020 Feb ;26(2):206-211.', 'short_citation': '', 'href': '/references/p/31961292'}, {'reference_number': 'p 34178918', 'citation': 'Front Public Health 2021  ;9:659504.', 'short_citation': '', 'href': '/references/p/34178918'}, {'reference_number': 'm 20140322.2349696', 'citation': 'ProMED-mail. Undiagnosed viral hemorrhagic fever - Guinea (02): Ebola conf. ProMED-mail 2014; 22 Mar: 20140322.2349696 &lt;http://www.promedmail.org&gt;. Accessed 22 Mar 2014.', 'short_citation': 'ProMED &lt;promedmail.org&gt; archive: 20140322.2349696', 'href': '/references/m/20140322.2349696'}, {'reference_number': 'm 20140322.2349865', 'citation': 'ProMED-mail. Ebola virus disease -  West Africa: Guinea, Zaire ebolavirus suspected ProMED-mail 2014; 22 Mar: 20140322.2349865 &lt;http://www.promedmail.org&gt;. Accessed 22 Mar 2014.', 'short_citation': 'ProMED &lt;promedmail.org&gt; archive: 20140322.2349865', 'href': '/references/m/20140322.2349865'}, {'reference_number': 'm 20140324.2354606', 'citation': 'ProMED-mail. Ebola virus disease - Guinea: not Conakry ProMED-mail 2014; 24 Mar: 20140324.2354606 &lt;http://www.promedmail.org&gt;. Accessed 24 Mar 2014.', 'short_citation': 'ProMED &lt;promedmail.org&gt; archive: 20140324.2354606', 'href': '/references/m/20140324.2354606'}, {'reference_number': 'm 20140326.2359281', 'citation': 'ProMED-mail. Ebola virus disease - Guinea (02): bat eating banned ProMED-mail 2014; 26 Mar: 20140326.2359281 &lt;http://www.promedmail.org&gt;. Accessed 26 Mar 2014.', 'short_citation': 'ProMED &lt;promedmail.org&gt; archive: 20140326.2359281', 'href': '/references/m/20140326.2359281'}, {'reference_number': 'm 20140326.2359361', 'citation': 'ProMED-mail. Ebola virus disease - Guinea (03): WHO update, travel health advisories ProMED-mail 2014; 26 Mar: 20140326.2359361 &lt;http://www.promedmail.org&gt;. Accessed 26 Mar 2014.', 'short_citation': 'ProMED &lt;promedmail.org&gt; archive: 20140326.2359361', 'href': '/references/m/20140326.2359361'}, {'reference_number': 'm 20150830.3612222', 'citation': 'ProMED-mail. Ebola update (102): Sierra Leone suspected death, WHO, CDC PPE, vaccine, dog ProMED-mail 2015; 30 Aug: 20150830.3612222 &lt;http://www.promedmail.org&gt;. Accessed 30 Aug 2015.', 'short_citation': 'ProMED &lt;promedmail.org&gt; archive: 20150830.3612222', 'href': '/references/m/20150830.3612222'}, {'reference_number': 'm 20151026.3743264', 'citation': 'ProMED-mail. Ebola update (120): WHO update, susp, vaccine, research, funding ProMED-mail 2015; 26 Oct: 20151026.3743264 &lt;http://www.promedmail.org&gt;. Accessed 26 Oct 2015.', 'short_citation': 'ProMED &lt;promedmail.org&gt; archive: 20151026.3743264', 'href': '/references/m/20151026.3743264'}, {'reference_number': 'm 20151028.3751305', 'citation': 'ProMED-mail. Ebola update (121): WHO update, susp. vaccine, research, funding ProMED-mail 2015; 28 Oct: 20151028.3751305 &lt;http://www.promedmail.org&gt;. Accessed 28 Oct 2015.', 'short_citation': 'ProMED &lt;promedmail.org&gt; archive: 20151028.3751305', 'href': '/references/m/20151028.3751305'}, {'reference_number': 'm 20151105.3767765', 'citation': 'ProMED-mail. Ebola update (123): WHO, susp, research, vaccine, funding ProMED-mail 2015; 05 Nov: 20151105.3767765 &lt;http://www.promedmail.org&gt;. Accessed 05 Nov 2015.', 'short_citation': 'ProMED &lt;promedmail.org&gt; archive: 20151105.3767765', 'href': '/references/m/20151105.3767765'}, {'reference_number': 'm 20151111.3784644', 'citation': 'ProMED-mail. Ebola update (125): WHO update, susp. funding ProMED-mail 2015; 11 Nov: 20151111.3784644 &lt;http://www.promedmail.org&gt;. Accessed 11 Nov 2015.', 'short_citation': 'ProMED &lt;promedmail.org&gt; archive: 20151111.3784644', 'href': '/references/m/20151111.3784644'}, {'reference_number': 'm 20151118.3802437', 'citation': 'ProMED-mail. Ebola update (127): WHO, Guinea Ebola-free, vaccine, research, tech, funding ProMED-mail 2015; 18 Nov: 20151118.3802437 &lt;http://www.promedmail.org&gt;. Accessed 18 Nov 2015.', 'short_citation': 'ProMED &lt;promedmail.org&gt; archive: 20151118.3802437', 'href': '/references/m/20151118.3802437'}, {'reference_number': 'm 20151203.3838759', 'citation': 'ProMED-mail. Ebola update (131): WHO, semen, susp., prevention, blood, vaccine ProMED-mail 2015; 03 Dec: 20151203.3838759 &lt;http://www.promedmail.org&gt;. Accessed 03 Dec 2015.', 'short_citation': 'ProMED &lt;promedmail.org&gt; archive: 20151203.3838759', 'href': '/references/m/20151203.3838759'}, {'reference_number': 'm 20160413.4158203', 'citation': 'ProMED-mail. Ebola update (33): Guinea, Liberia, Sierra Leone, research, funding, vaccine ProMED-mail 2016; 13 Apr: 20160413.4158203 &lt;http://www.promedmail.org&gt;. Accessed 13 Apr 2016.', 'short_citation': 'ProMED &lt;promedmail.org&gt; archive: 20160413.4158203', 'href': '/references/m/20160413.4158203'}, {'reference_number': 'm 20150105.3072963', 'citation': 'ProMED-mail. Blueberry rust - Australia: (TS) ProMED-mail 2015; 05 Jan: 20150105.3072963 &lt;http://www.promedmail.org&gt;. Accessed 05 Jan 2015.', 'short_citation': 'ProMED &lt;promedmail.org&gt; archive: 20150105.3072963', 'href': '/references/m/20150105.3072963'}, {'reference_number': 'm 20150108.3080212', 'citation': 'ProMED-mail. Ebola update (08): WHO, Guinea, amiodarone, regional recovery, susp ProMED-mail 2015; 08 Jan: 20150108.3080212 &lt;http://www.promedmail.org&gt;. Accessed 08 Jan 2015.', 'short_citation': 'ProMED &lt;promedmail.org&gt; archive: 20150108.3080212', 'href': '/references/m/20150108.3080212'}, {'reference_number': 'm 20150109.3082431', 'citation': 'ProMED-mail. Ebola update (09): WHO, suitcase diagnostic lab, susp ProMED-mail 2015; 09 Jan: 20150109.3082431 &lt;http://www.promedmail.org&gt;. Accessed 09 Jan 2015.', 'short_citation': 'ProMED &lt;promedmail.org&gt; archive: 20150109.3082431', 'href': '/references/m/20150109.3082431'}, {'reference_number': 'm 20150112.3087776', 'citation': 'ProMED-mail. Ebola update (12): WHO, lessons, vaccine, nanobiophysics, susp. ProMED-mail 2015; 12 Jan: 20150112.3087776 &lt;http://www.promedmail.org&gt;. Accessed 12 Jan 2015.', 'short_citation': 'ProMED &lt;promedmail.org&gt; archive: 20150112.3087776', 'href': '/references/m/20150112.3087776'}, {'reference_number': 'm 20150114.3092967', 'citation': 'ProMED-mail. Ebola update (14): WHO, burials, Afcon, food, susp. ProMED-mail 2015; 14 Jan: 20150114.3092967 &lt;http://www.promedmail.org&gt;. Accessed 14 Jan 2015.', 'short_citation': 'ProMED &lt;promedmail.org&gt; archive: 20150114.3092967', 'href': '/references/m/20150114.3092967'}, {'reference_number': 'm 20150826.3604518', 'citation': 'ProMED-mail. Ebola update (101): WHO update, susp. NGO, vaccines, funding ProMED-mail 2015; 26 Aug: 20150826.3604518 &lt;http://www.promedmail.org&gt;. Accessed 26 Aug 2015.', 'short_citation': 'ProMED &lt;promedmail.org&gt; archive: 20150826.3604518', 'href': '/references/m/20150826.3604518'}, {'reference_number': 'm 20151018.3724992', 'citation': 'ProMED-mail. Ebola update (118): WHO, susp, vaccines, research ProMED-mail 2015; 18 Oct: 20151018.3724992 &lt;http://www.promedmail.org&gt;. Accessed 18 Oct 2015.', 'short_citation': 'ProMED &lt;promedmail.org&gt; archive: 20151018.3724992', 'href': '/references/m/20151018.3724992'}, {'reference_number': 'm 20151026.3743264', 'citation': 'ProMED-mail. Ebola update (120): WHO update, susp, vaccine, research, funding ProMED-mail 2015; 26 Oct: 20151026.3743264 &lt;http://www.promedmail.org&gt;. Accessed 26 Oct 2015.', 'short_citation': 'ProMED &lt;promedmail.org&gt; archive: 20151026.3743264', 'href': '/references/m/20151026.3743264'}, {'reference_number': 'm 20151028.3751305', 'citation': 'ProMED-mail. Ebola update (121): WHO update, susp. vaccine, research, funding ProMED-mail 2015; 28 Oct: 20151028.3751305 &lt;http://www.promedmail.org&gt;. Accessed 28 Oct 2015.', 'short_citation': 'ProMED &lt;promedmail.org&gt; archive: 20151028.3751305', 'href': '/references/m/20151028.3751305'}, {'reference_number': 'm 20151105.3767765', 'citation': 'ProMED-mail. Ebola update (123): WHO, susp, research, vaccine, funding ProMED-mail 2015; 05 Nov: 20151105.3767765 &lt;http://www.promedmail.org&gt;. Accessed 05 Nov 2015.', 'short_citation': 'ProMED &lt;promedmail.org&gt; archive: 20151105.3767765', 'href': '/references/m/20151105.3767765'}, {'reference_number': 'm 20151111.3784644', 'citation': 'ProMED-mail. Ebola update (125): WHO update, susp. funding ProMED-mail 2015; 11 Nov: 20151111.3784644 &lt;http://www.promedmail.org&gt;. Accessed 11 Nov 2015.', 'short_citation': 'ProMED &lt;promedmail.org&gt; archive: 20151111.3784644', 'href': '/references/m/20151111.3784644'}, {'reference_number': 'm 20151118.3802437', 'citation': 'ProMED-mail. Ebola update (127): WHO, Guinea Ebola-free, vaccine, research, tech, funding ProMED-mail 2015; 18 Nov: 20151118.3802437 &lt;http://www.promedmail.org&gt;. Accessed 18 Nov 2015.', 'short_citation': 'ProMED &lt;promedmail.org&gt; archive: 20151118.3802437', 'href': '/references/m/20151118.3802437'}, {'reference_number': 'm 20160317.4101955', 'citation': 'ProMED-mail. Ebola update (24): Guinea, confirmed ProMED-mail 2016; 17 Mar: 20160317.4101955 &lt;http://www.promedmail.org&gt;. Accessed 17 Mar 2016.', 'short_citation': 'ProMED &lt;promedmail.org&gt; archive: 20160317.4101955', 'href': '/references/m/20160317.4101955'}, {'reference_number': 'm 20160324.4114807', 'citation': 'ProMED-mail. Ebola update (26): Guinea flare-up, Liberia ProMED-mail 2016; 24 Mar: 20160324.4114807 &lt;http://www.promedmail.org&gt;. Accessed 24 Mar 2016.', 'short_citation': 'ProMED &lt;promedmail.org&gt; archive: 20160324.4114807', 'href': '/references/m/20160324.4114807'}, {'reference_number': 'm 20160317.4101955', 'citation': 'ProMED-mail. Ebola update (24): Guinea, confirmed ProMED-mail 2016; 17 Mar: 20160317.4101955 &lt;http://www.promedmail.org&gt;. Accessed 17 Mar 2016.', 'short_citation': 'ProMED &lt;promedmail.org&gt; archive: 20160317.4101955', 'href': '/references/m/20160317.4101955'}, {'reference_number': 'm 20160320.4107350', 'citation': 'ProMED-mail. Ebola update (25): Guinea flare-up, Liberia, Sierra Leone, research ProMED-mail 2016; 20 Mar: 20160320.4107350 &lt;http://www.promedmail.org&gt;. Accessed 20 Mar 2016.', 'short_citation': 'ProMED &lt;promedmail.org&gt; archive: 20160320.4107350', 'href': '/references/m/20160320.4107350'}, {'reference_number': 'm 20160324.4114807', 'citation': 'ProMED-mail. Ebola update (26): Guinea flare-up, Liberia ProMED-mail 2016; 24 Mar: 20160324.4114807 &lt;http://www.promedmail.org&gt;. Accessed 24 Mar 2016.', 'short_citation': 'ProMED &lt;promedmail.org&gt; archive: 20160324.4114807', 'href': '/references/m/20160324.4114807'}, {'reference_number': 'm 20160406.4142990', 'citation': 'ProMED-mail. Ebola update (31): Liberia, Guinea re-emergence, research, funding ProMED-mail 2016; 06 Apr: 20160406.4142990 &lt;http://www.promedmail.org&gt;. Accessed 06 Apr 2016.', 'short_citation': 'ProMED &lt;promedmail.org&gt; archive: 20160406.4142990', 'href': '/references/m/20160406.4142990'}, {'reference_number': 'm 20160413.4158203', 'citation': 'ProMED-mail. Ebola update (33): Guinea, Liberia, Sierra Leone, research, funding, vaccine ProMED-mail 2016; 13 Apr: 20160413.4158203 &lt;http://www.promedmail.org&gt;. Accessed 13 Apr 2016.', 'short_citation': 'ProMED &lt;promedmail.org&gt; archive: 20160413.4158203', 'href': '/references/m/20160413.4158203'}, {'reference_number': 'p 25550396', 'citation': 'EMBO Mol Med 2015 Jan ;7(1):17-23.', 'short_citation': '', 'href': '/references/p/25550396'}, {'reference_number': 'p 27638946', 'citation': 'J Infect Dis 2016 10 15;214(suppl 3):S250-S257.', 'short_citation': '', 'href': '/references/p/27638946'}, {'reference_number': 'm 20141230.3063314', 'citation': 'ProMED-mail. Ebola virus disease - West Africa (236): WHO, Liberia, Sierra Leone, bats, susp. ProMED-mail 2014; 30 Dec: 20141230.3063314 &lt;http://www.promedmail.org&gt;. Accessed 30 Dec 2014.', 'short_citation': 'ProMED &lt;promedmail.org&gt; archive: 20141230.3063314', 'href': '/references/m/20141230.3063314'}]","","","G176",10700,"Ebola","Guinea",-962785.823950406,1227352.56332639,TRUE
